algorithm,accuracy,roc_auc
Random Forest,0.9941471571906354,0.999901321725009
SVM,0.9899665551839465,0.9998308372428726
XGBoost,0.9949832775919732,0.9999774449657163
