test_species,train_size,test_size,train_essential,test_essential,train_essential_pct,test_essential_pct
C_elegans,29526,24389,1948,2537,6.5975750186276505,10.402230513756201
Tribolium,52719,1196,3942,543,7.477380071700905,45.40133779264214
Drosophila,25585,28330,3080,1405,12.038303693570452,4.959406989057536
